"module name","license","repository"
"@ampproject/remapping@2.3.0","Apache-2.0","https://github.com/ampproject/remapping"
"@ark-ui/anatomy@3.5.0","MIT","https://github.com/chakra-ui/ark"
"@ark-ui/react@4.1.2","MIT","https://github.com/chakra-ui/ark"
"@babel/code-frame@7.26.2","MIT","https://github.com/babel/babel"
"@babel/compat-data@7.26.2","MIT","https://github.com/babel/babel"
"@babel/core@7.26.0","MIT","https://github.com/babel/babel"
"@babel/generator@7.26.2","MIT","https://github.com/babel/babel"
"@babel/helper-compilation-targets@7.25.9","MIT","https://github.com/babel/babel"
"@babel/helper-module-imports@7.25.9","MIT","https://github.com/babel/babel"
"@babel/helper-module-transforms@7.26.0","MIT","https://github.com/babel/babel"
"@babel/helper-plugin-utils@7.25.9","MIT","https://github.com/babel/babel"
"@babel/helper-string-parser@7.25.9","MIT","https://github.com/babel/babel"
"@babel/helper-validator-identifier@7.25.9","MIT","https://github.com/babel/babel"
"@babel/helper-validator-option@7.25.9","MIT","https://github.com/babel/babel"
"@babel/helpers@7.26.0","MIT","https://github.com/babel/babel"
"@babel/parser@7.26.2","MIT","https://github.com/babel/babel"
"@babel/plugin-transform-react-jsx-self@7.25.9","MIT","https://github.com/babel/babel"
"@babel/plugin-transform-react-jsx-source@7.25.9","MIT","https://github.com/babel/babel"
"@babel/runtime@7.26.0","MIT","https://github.com/babel/babel"
"@babel/template@7.25.9","MIT","https://github.com/babel/babel"
"@babel/traverse@7.25.9","MIT","https://github.com/babel/babel"
"@babel/types@7.26.0","MIT","https://github.com/babel/babel"
"@chakra-ui/react@3.1.0","MIT","https://github.com/chakra-ui/chakra-ui"
"@emotion/babel-plugin@11.12.0","MIT","https://github.com/emotion-js/emotion/tree/main/packages/babel-plugin"
"@emotion/cache@11.13.1","MIT","https://github.com/emotion-js/emotion/tree/main/packages/cache"
"@emotion/hash@0.9.2","MIT","https://github.com/emotion-js/emotion/tree/main/packages/hash"
"@emotion/is-prop-valid@1.3.1","MIT","https://github.com/emotion-js/emotion/tree/main/packages/is-prop-valid"
"@emotion/memoize@0.9.0","MIT","https://github.com/emotion-js/emotion/tree/main/packages/memoize"
"@emotion/react@11.13.3","MIT","https://github.com/emotion-js/emotion/tree/main/packages/react"
"@emotion/serialize@1.3.2","MIT","https://github.com/emotion-js/emotion/tree/main/packages/serialize"
"@emotion/sheet@1.4.0","MIT","https://github.com/emotion-js/emotion/tree/main/packages/sheet"
"@emotion/unitless@0.10.0","MIT","https://github.com/emotion-js/emotion/tree/main/packages/unitless"
"@emotion/use-insertion-effect-with-fallbacks@1.1.0","MIT","https://github.com/emotion-js/emotion/tree/main/packages/use-insertion-effect-with-fallbacks"
"@emotion/utils@1.4.1","MIT","https://github.com/emotion-js/emotion/tree/main/packages/utils"
"@emotion/weak-memoize@0.4.0","MIT","https://github.com/emotion-js/emotion/tree/main/packages/weak-memoize"
"@esbuild/darwin-arm64@0.21.5","MIT","https://github.com/evanw/esbuild"
"@eslint-community/eslint-utils@4.4.1","MIT","https://github.com/eslint-community/eslint-utils"
"@eslint-community/regexpp@4.12.1","MIT","https://github.com/eslint-community/regexpp"
"@eslint/config-array@0.18.0","Apache-2.0","https://github.com/eslint/rewrite"
"@eslint/core@0.7.0","Apache-2.0","https://github.com/eslint/rewrite"
"@eslint/eslintrc@3.1.0","MIT","https://github.com/eslint/eslintrc"
"@eslint/js@9.14.0","MIT","https://github.com/eslint/eslint"
"@eslint/object-schema@2.1.4","Apache-2.0","https://github.com/eslint/rewrite"
"@eslint/plugin-kit@0.2.2","Apache-2.0","https://github.com/eslint/rewrite"
"@floating-ui/core@1.6.8","MIT","https://github.com/floating-ui/floating-ui"
"@floating-ui/dom@1.6.11","MIT","https://github.com/floating-ui/floating-ui"
"@floating-ui/dom@1.6.8","MIT","https://github.com/floating-ui/floating-ui"
"@floating-ui/utils@0.2.8","MIT","https://github.com/floating-ui/floating-ui"
"@humanfs/core@0.19.1","Apache-2.0","https://github.com/humanwhocodes/humanfs"
"@humanfs/node@0.16.6","Apache-2.0","https://github.com/humanwhocodes/humanfs"
"@humanwhocodes/module-importer@1.0.1","Apache-2.0","https://github.com/humanwhocodes/module-importer"
"@humanwhocodes/retry@0.3.1","Apache-2.0","https://github.com/humanwhocodes/retry"
"@humanwhocodes/retry@0.4.1","Apache-2.0","https://github.com/humanwhocodes/retry"
"@internationalized/date@3.5.5","Apache-2.0","https://github.com/adobe/react-spectrum/tree/main/packages/@internationalized/date"
"@internationalized/date@3.5.6","Apache-2.0","https://github.com/adobe/react-spectrum/tree/main/packages/@internationalized/date"
"@internationalized/number@3.5.3","Apache-2.0","https://github.com/adobe/react-spectrum"
"@jridgewell/gen-mapping@0.3.5","MIT","https://github.com/jridgewell/gen-mapping"
"@jridgewell/resolve-uri@3.1.2","MIT","https://github.com/jridgewell/resolve-uri"
"@jridgewell/set-array@1.2.1","MIT","https://github.com/jridgewell/set-array"
"@jridgewell/sourcemap-codec@1.5.0","MIT","https://github.com/jridgewell/sourcemap-codec"
"@jridgewell/trace-mapping@0.3.25","MIT","https://github.com/jridgewell/trace-mapping"
"@nodelib/fs.scandir@2.1.5","MIT","https://github.com/nodelib/nodelib/tree/master/packages/fs/fs.scandir"
"@nodelib/fs.stat@2.0.5","MIT","https://github.com/nodelib/nodelib/tree/master/packages/fs/fs.stat"
"@nodelib/fs.walk@1.2.8","MIT","https://github.com/nodelib/nodelib/tree/master/packages/fs/fs.walk"
"@pandacss/is-valid-prop@0.41.0","MIT*","https://github.com/chakra-ui/panda"
"@rollup/rollup-darwin-arm64@4.25.0","MIT","https://github.com/rollup/rollup"
"@swc/helpers@0.5.13","Apache-2.0","https://github.com/swc-project/swc"
"@types/babel__core@7.20.5","MIT","https://github.com/DefinitelyTyped/DefinitelyTyped"
"@types/babel__generator@7.6.8","MIT","https://github.com/DefinitelyTyped/DefinitelyTyped"
"@types/babel__template@7.4.4","MIT","https://github.com/DefinitelyTyped/DefinitelyTyped"
"@types/babel__traverse@7.20.6","MIT","https://github.com/DefinitelyTyped/DefinitelyTyped"
"@types/crypto-js@4.2.2","MIT","https://github.com/DefinitelyTyped/DefinitelyTyped"
"@types/estree@1.0.6","MIT","https://github.com/DefinitelyTyped/DefinitelyTyped"
"@types/json-schema@7.0.15","MIT","https://github.com/DefinitelyTyped/DefinitelyTyped"
"@types/parse-json@4.0.2","MIT","https://github.com/DefinitelyTyped/DefinitelyTyped"
"@types/prop-types@15.7.13","MIT","https://github.com/DefinitelyTyped/DefinitelyTyped"
"@types/react-dom@18.3.1","MIT","https://github.com/DefinitelyTyped/DefinitelyTyped"
"@types/react@18.3.12","MIT","https://github.com/DefinitelyTyped/DefinitelyTyped"
"@typescript-eslint/eslint-plugin@8.13.0","MIT","https://github.com/typescript-eslint/typescript-eslint"
"@typescript-eslint/parser@8.13.0","BSD-2-Clause","https://github.com/typescript-eslint/typescript-eslint"
"@typescript-eslint/scope-manager@8.13.0","MIT","https://github.com/typescript-eslint/typescript-eslint"
"@typescript-eslint/type-utils@8.13.0","MIT","https://github.com/typescript-eslint/typescript-eslint"
"@typescript-eslint/types@8.13.0","MIT","https://github.com/typescript-eslint/typescript-eslint"
"@typescript-eslint/typescript-estree@8.13.0","BSD-2-Clause","https://github.com/typescript-eslint/typescript-eslint"
"@typescript-eslint/utils@8.13.0","MIT","https://github.com/typescript-eslint/typescript-eslint"
"@typescript-eslint/visitor-keys@8.13.0","MIT","https://github.com/typescript-eslint/typescript-eslint"
"@vitejs/plugin-react@4.3.3","MIT","https://github.com/vitejs/vite-plugin-react"
"@zag-js/accordion@0.62.1","MIT","https://github.com/chakra-ui/zag/tree/main/packages/accordion"
"@zag-js/accordion@0.74.2","MIT","https://github.com/chakra-ui/zag/tree/main/packages/accordion"
"@zag-js/anatomy@0.62.1","MIT","https://github.com/chakra-ui/zag/tree/main/packages/machine"
"@zag-js/anatomy@0.74.2","MIT","https://github.com/chakra-ui/zag/tree/main/packages/machine"
"@zag-js/aria-hidden@0.62.1","MIT","https://github.com/chakra-ui/zag/tree/main/packages/utilities/aria-hidden"
"@zag-js/aria-hidden@0.74.2","MIT","https://github.com/chakra-ui/zag/tree/main/packages/utilities/aria-hidden"
"@zag-js/auto-resize@0.62.1","MIT","https://github.com/chakra-ui/zag/tree/main/packages/utilities/auto-resize"
"@zag-js/auto-resize@0.74.2","MIT","https://github.com/chakra-ui/zag/tree/main/packages/utilities/auto-resize"
"@zag-js/avatar@0.62.1","MIT","https://github.com/chakra-ui/zag/tree/main/packages/avatar"
"@zag-js/avatar@0.74.2","MIT","https://github.com/chakra-ui/zag/tree/main/packages/avatar"
"@zag-js/carousel@0.62.1","MIT","https://github.com/chakra-ui/zag/tree/main/packages/carousel"
"@zag-js/carousel@0.74.2","MIT","https://github.com/chakra-ui/zag/tree/main/packages/carousel"
"@zag-js/checkbox@0.62.1","MIT","https://github.com/chakra-ui/zag/tree/main/packages/checkbox"
"@zag-js/checkbox@0.74.2","MIT","https://github.com/chakra-ui/zag/tree/main/packages/checkbox"
"@zag-js/clipboard@0.62.1","MIT","https://github.com/chakra-ui/zag/tree/main/packages/clipboard"
"@zag-js/clipboard@0.74.2","MIT","https://github.com/chakra-ui/zag/tree/main/packages/clipboard"
"@zag-js/collapsible@0.62.1","MIT","https://github.com/chakra-ui/zag/tree/main/packages/collapsible"
"@zag-js/collapsible@0.74.2","MIT","https://github.com/chakra-ui/zag/tree/main/packages/collapsible"
"@zag-js/collection@0.62.1","MIT","https://github.com/chakra-ui/zag/tree/main/packages/utilities/collection"
"@zag-js/collection@0.74.2","MIT","https://github.com/chakra-ui/zag/tree/main/packages/utilities/collection"
"@zag-js/color-picker@0.62.1","MIT","https://github.com/chakra-ui/zag/tree/main/packages/color-picker"
"@zag-js/color-picker@0.74.2","MIT","https://github.com/chakra-ui/zag/tree/main/packages/color-picker"
"@zag-js/color-utils@0.62.1","MIT","https://github.com/chakra-ui/zag/tree/main/packages/utilities/color-utils"
"@zag-js/color-utils@0.74.2","MIT","https://github.com/chakra-ui/zag/tree/main/packages/utilities/color-utils"
"@zag-js/combobox@0.62.1","MIT","https://github.com/chakra-ui/zag/tree/main/packages/combobox"
"@zag-js/combobox@0.74.2","MIT","https://github.com/chakra-ui/zag/tree/main/packages/combobox"
"@zag-js/core@0.62.1","MIT","https://github.com/chakra-ui/zag/tree/main/packages/machine"
"@zag-js/core@0.74.2","MIT","https://github.com/chakra-ui/zag/tree/main/packages/machine"
"@zag-js/date-picker@0.62.1","MIT","https://github.com/chakra-ui/zag/tree/main/packages/date-picker"
"@zag-js/date-picker@0.74.2","MIT","https://github.com/chakra-ui/zag/tree/main/packages/date-picker"
"@zag-js/date-utils@0.62.1","MIT","https://github.com/chakra-ui/zag/tree/main/packages/utilities/date-utils"
"@zag-js/date-utils@0.74.2","MIT","https://github.com/chakra-ui/zag/tree/main/packages/utilities/date-utils"
"@zag-js/dialog@0.62.1","MIT","https://github.com/chakra-ui/zag/tree/main/packages/dialog"
"@zag-js/dialog@0.74.2","MIT","https://github.com/chakra-ui/zag/tree/main/packages/dialog"
"@zag-js/dismissable@0.62.1","MIT","https://github.com/chakra-ui/zag/tree/main/packages/utilities/interact-outside"
"@zag-js/dismissable@0.74.2","MIT","https://github.com/chakra-ui/zag/tree/main/packages/utilities/interact-outside"
"@zag-js/dom-event@0.62.1","MIT","https://github.com/chakra-ui/zag/tree/main/packages/utilities/pointer-event"
"@zag-js/dom-event@0.74.2","MIT","https://github.com/chakra-ui/zag/tree/main/packages/utilities/pointer-event"
"@zag-js/dom-query@0.62.1","MIT","https://github.com/chakra-ui/zag/tree/main/packages/utilities/dom-helpers"
"@zag-js/dom-query@0.74.2","MIT","https://github.com/chakra-ui/zag/tree/main/packages/utilities/dom-helpers"
"@zag-js/editable@0.62.1","MIT","https://github.com/chakra-ui/zag/tree/main/packages/editable"
"@zag-js/editable@0.74.2","MIT","https://github.com/chakra-ui/zag/tree/main/packages/editable"
"@zag-js/element-rect@0.62.1","MIT","https://github.com/chakra-ui/zag/tree/main/packages/utilities/element-rect"
"@zag-js/element-rect@0.74.2","MIT","https://github.com/chakra-ui/zag/tree/main/packages/utilities/element-rect"
"@zag-js/element-size@0.62.1","MIT","https://github.com/chakra-ui/zag/tree/main/packages/utilities/element-size"
"@zag-js/element-size@0.74.2","MIT","https://github.com/chakra-ui/zag/tree/main/packages/utilities/element-size"
"@zag-js/file-upload@0.62.1","MIT","https://github.com/chakra-ui/zag/tree/main/packages/file-upload"
"@zag-js/file-upload@0.74.2","MIT","https://github.com/chakra-ui/zag/tree/main/packages/file-upload"
"@zag-js/file-utils@0.62.1","MIT","https://github.com/chakra-ui/zag/tree/main/packages/utilities/file-utils"
"@zag-js/file-utils@0.74.2","MIT","https://github.com/chakra-ui/zag/tree/main/packages/utilities/file-utils"
"@zag-js/focus-visible@0.74.2","MIT","https://github.com/chakra-ui/zag/tree/main/packages/utilities/focus-visible"
"@zag-js/form-utils@0.62.1","MIT","https://github.com/chakra-ui/zag/tree/main/packages/utilities/form-utils"
"@zag-js/form-utils@0.74.2","MIT","https://github.com/chakra-ui/zag/tree/main/packages/utilities/form-utils"
"@zag-js/highlight-word@0.74.2","MIT","https://github.com/chakra-ui/zag/tree/main/packages/utilities/highlight-word"
"@zag-js/hover-card@0.62.1","MIT","https://github.com/chakra-ui/zag/tree/main/packages/hover-card"
"@zag-js/hover-card@0.74.2","MIT","https://github.com/chakra-ui/zag/tree/main/packages/hover-card"
"@zag-js/i18n-utils@0.62.1","MIT","https://github.com/chakra-ui/zag/tree/main/packages/utilities/i18n-utils"
"@zag-js/i18n-utils@0.74.2","MIT","https://github.com/chakra-ui/zag/tree/main/packages/utilities/i18n-utils"
"@zag-js/interact-outside@0.62.1","MIT","https://github.com/chakra-ui/zag/tree/main/packages/utilities/interact-outside"
"@zag-js/interact-outside@0.74.2","MIT","https://github.com/chakra-ui/zag/tree/main/packages/utilities/interact-outside"
"@zag-js/live-region@0.62.1","MIT","https://github.com/chakra-ui/zag/tree/main/packages/utilities/live-region"
"@zag-js/live-region@0.74.2","MIT","https://github.com/chakra-ui/zag/tree/main/packages/utilities/live-region"
"@zag-js/menu@0.62.1","MIT","https://github.com/chakra-ui/zag/tree/main/packages/menu"
"@zag-js/menu@0.74.2","MIT","https://github.com/chakra-ui/zag/tree/main/packages/menu"
"@zag-js/number-input@0.62.1","MIT","https://github.com/chakra-ui/zag/tree/main/packages/number-input"
"@zag-js/number-input@0.74.2","MIT","https://github.com/chakra-ui/zag/tree/main/packages/number-input"
"@zag-js/number-utils@0.62.1","MIT","https://github.com/chakra-ui/zag/tree/main/packages/utilities/number"
"@zag-js/number-utils@0.74.2","MIT","https://github.com/chakra-ui/zag/tree/main/packages/utilities/number"
"@zag-js/numeric-range@0.62.1","MIT","https://github.com/chakra-ui/zag/tree/main/packages/utilities/numeric-range"
"@zag-js/numeric-range@0.74.2","MIT","https://github.com/chakra-ui/zag/tree/main/packages/utilities/numeric-range"
"@zag-js/pagination@0.62.1","MIT","https://github.com/chakra-ui/zag/tree/main/packages/pagination"
"@zag-js/pagination@0.74.2","MIT","https://github.com/chakra-ui/zag/tree/main/packages/pagination"
"@zag-js/pin-input@0.62.1","MIT","https://github.com/chakra-ui/zag/tree/main/packages/pin-input"
"@zag-js/pin-input@0.74.2","MIT","https://github.com/chakra-ui/zag/tree/main/packages/pin-input"
"@zag-js/popover@0.62.1","MIT","https://github.com/chakra-ui/zag/tree/main/packages/popover"
"@zag-js/popover@0.74.2","MIT","https://github.com/chakra-ui/zag/tree/main/packages/popover"
"@zag-js/popper@0.62.1","MIT","https://github.com/chakra-ui/zag/tree/main/packages/utilities/popper"
"@zag-js/popper@0.74.2","MIT","https://github.com/chakra-ui/zag/tree/main/packages/utilities/popper"
"@zag-js/presence@0.62.1","MIT","https://github.com/chakra-ui/zag/tree/main/packages/presence"
"@zag-js/presence@0.74.2","MIT","https://github.com/chakra-ui/zag/tree/main/packages/presence"
"@zag-js/progress@0.62.1","MIT","https://github.com/chakra-ui/zag/tree/main/packages/progress"
"@zag-js/progress@0.74.2","MIT","https://github.com/chakra-ui/zag/tree/main/packages/progress"
"@zag-js/qr-code@0.62.1","MIT","https://github.com/chakra-ui/zag/tree/main/packages/qr-code"
"@zag-js/qr-code@0.74.2","MIT","https://github.com/chakra-ui/zag/tree/main/packages/qr-code"
"@zag-js/radio-group@0.62.1","MIT","https://github.com/chakra-ui/zag/tree/main/packages/radio-group"
"@zag-js/radio-group@0.74.2","MIT","https://github.com/chakra-ui/zag/tree/main/packages/radio-group"
"@zag-js/rating-group@0.62.1","MIT","https://github.com/chakra-ui/zag/tree/main/packages/rating"
"@zag-js/rating-group@0.74.2","MIT","https://github.com/chakra-ui/zag/tree/main/packages/rating"
"@zag-js/react@0.74.2","MIT","https://github.com/chakra-ui/zag/tree/main/packages/frameworks/react"
"@zag-js/rect-utils@0.62.1","MIT","https://github.com/chakra-ui/zag/tree/main/packages/utilities/rect"
"@zag-js/rect-utils@0.74.2","MIT","https://github.com/chakra-ui/zag/tree/main/packages/utilities/rect"
"@zag-js/remove-scroll@0.62.1","MIT","https://github.com/chakra-ui/zag/tree/main/packages/utilities/remove-scroll"
"@zag-js/remove-scroll@0.74.2","MIT","https://github.com/chakra-ui/zag/tree/main/packages/utilities/remove-scroll"
"@zag-js/select@0.62.1","MIT","https://github.com/chakra-ui/zag/tree/main/packages/select"
"@zag-js/select@0.74.2","MIT","https://github.com/chakra-ui/zag/tree/main/packages/select"
"@zag-js/signature-pad@0.62.1","MIT","https://github.com/chakra-ui/zag/tree/main/packages/signature-pad"
"@zag-js/signature-pad@0.74.2","MIT","https://github.com/chakra-ui/zag/tree/main/packages/signature-pad"
"@zag-js/slider@0.62.1","MIT","https://github.com/chakra-ui/zag/tree/main/packages/slider"
"@zag-js/slider@0.74.2","MIT","https://github.com/chakra-ui/zag/tree/main/packages/slider"
"@zag-js/splitter@0.62.1","MIT","https://github.com/chakra-ui/zag/tree/main/packages/splitter"
"@zag-js/splitter@0.74.2","MIT","https://github.com/chakra-ui/zag/tree/main/packages/splitter"
"@zag-js/steps@0.74.2","MIT","https://github.com/chakra-ui/zag/tree/main/packages/steps"
"@zag-js/store@0.62.1","MIT","https://github.com/chakra-ui/zag/tree/main/packages/utilities/store"
"@zag-js/store@0.74.2","MIT","https://github.com/chakra-ui/zag/tree/main/packages/utilities/store"
"@zag-js/switch@0.62.1","MIT","https://github.com/chakra-ui/zag/tree/main/packages/switch"
"@zag-js/switch@0.74.2","MIT","https://github.com/chakra-ui/zag/tree/main/packages/switch"
"@zag-js/tabs@0.62.1","MIT","https://github.com/chakra-ui/zag/tree/main/packages/tabs"
"@zag-js/tabs@0.74.2","MIT","https://github.com/chakra-ui/zag/tree/main/packages/tabs"
"@zag-js/tags-input@0.62.1","MIT","https://github.com/chakra-ui/zag/tree/main/packages/tags-input"
"@zag-js/tags-input@0.74.2","MIT","https://github.com/chakra-ui/zag/tree/main/packages/tags-input"
"@zag-js/text-selection@0.62.1","MIT","https://github.com/chakra-ui/zag/tree/main/packages/utilities/text-selection"
"@zag-js/text-selection@0.74.2","MIT","https://github.com/chakra-ui/zag/tree/main/packages/utilities/text-selection"
"@zag-js/time-picker@0.62.1","MIT","https://github.com/chakra-ui/zag/tree/main/packages/time-picker"
"@zag-js/time-picker@0.74.2","MIT","https://github.com/chakra-ui/zag/tree/main/packages/time-picker"
"@zag-js/timer@0.74.2","MIT","https://github.com/chakra-ui/zag/tree/main/packages/timer"
"@zag-js/toast@0.62.1","MIT","https://github.com/chakra-ui/zag/tree/main/packages/toast"
"@zag-js/toast@0.74.2","MIT","https://github.com/chakra-ui/zag/tree/main/packages/toast"
"@zag-js/toggle-group@0.62.1","MIT","https://github.com/chakra-ui/zag/tree/main/packages/toggle-group"
"@zag-js/toggle-group@0.74.2","MIT","https://github.com/chakra-ui/zag/tree/main/packages/toggle-group"
"@zag-js/tooltip@0.62.1","MIT","https://github.com/chakra-ui/zag/tree/main/packages/tooltip"
"@zag-js/tooltip@0.74.2","MIT","https://github.com/chakra-ui/zag/tree/main/packages/tooltip"
"@zag-js/tree-view@0.62.1","MIT","https://github.com/chakra-ui/zag/tree/main/packages/tree-view"
"@zag-js/tree-view@0.74.2","MIT","https://github.com/chakra-ui/zag/tree/main/packages/tree-view"
"@zag-js/types@0.62.1","MIT","https://github.com/chakra-ui/zag/tree/main/packages/utilities/types"
"@zag-js/types@0.74.2","MIT","https://github.com/chakra-ui/zag/tree/main/packages/utilities/types"
"@zag-js/utils@0.62.1","MIT","https://github.com/chakra-ui/zag/tree/main/packages/utilities/core"
"@zag-js/utils@0.74.2","MIT","https://github.com/chakra-ui/zag/tree/main/packages/utilities/core"
"acorn-jsx@5.3.2","MIT","https://github.com/acornjs/acorn-jsx"
"acorn@8.14.0","MIT","https://github.com/acornjs/acorn"
"ajv@6.12.6","MIT","https://github.com/ajv-validator/ajv"
"ansi-styles@4.3.0","MIT","https://github.com/chalk/ansi-styles"
"argparse@2.0.1","Python-2.0","https://github.com/nodeca/argparse"
"aria-hidden@1.2.4","MIT","https://github.com/theKashey/aria-hidden"
"babel-plugin-macros@3.1.0","MIT","https://github.com/kentcdodds/babel-plugin-macros"
"balanced-match@1.0.2","MIT","https://github.com/juliangruber/balanced-match"
"brace-expansion@1.1.11","MIT","https://github.com/juliangruber/brace-expansion"
"brace-expansion@2.0.1","MIT","https://github.com/juliangruber/brace-expansion"
"braces@3.0.3","MIT","https://github.com/micromatch/braces"
"browserslist@4.24.2","MIT","https://github.com/browserslist/browserslist"
"callsites@3.1.0","MIT","https://github.com/sindresorhus/callsites"
"caniuse-lite@1.0.30001679","CC-BY-4.0","https://github.com/browserslist/caniuse-lite"
"chalk@4.1.2","MIT","https://github.com/chalk/chalk"
"color-convert@2.0.1","MIT","https://github.com/Qix-/color-convert"
"color-name@1.1.4","MIT","https://github.com/colorjs/color-name"
"concat-map@0.0.1","MIT","https://github.com/substack/node-concat-map"
"convert-source-map@1.9.0","MIT","https://github.com/thlorenz/convert-source-map"
"convert-source-map@2.0.0","MIT","https://github.com/thlorenz/convert-source-map"
"cosmiconfig@7.1.0","MIT","https://github.com/davidtheclark/cosmiconfig"
"cross-spawn@7.0.5","MIT","https://github.com/moxystudio/node-cross-spawn"
"crypto-js@4.2.0","MIT","https://github.com/brix/crypto-js"
"csstype@3.1.3","MIT","https://github.com/frenic/csstype"
"debug@4.3.7","MIT","https://github.com/debug-js/debug"
"deep-is@0.1.4","MIT","https://github.com/thlorenz/deep-is"
"electron-to-chromium@1.5.55","ISC","https://github.com/kilian/electron-to-chromium"
"error-ex@1.3.2","MIT","https://github.com/qix-/node-error-ex"
"esbuild@0.21.5","MIT","https://github.com/evanw/esbuild"
"escalade@3.2.0","MIT","https://github.com/lukeed/escalade"
"escape-string-regexp@4.0.0","MIT","https://github.com/sindresorhus/escape-string-regexp"
"eslint-plugin-react-hooks@5.0.0","MIT","https://github.com/facebook/react"
"eslint-plugin-react-refresh@0.4.14","MIT","https://github.com/ArnaudBarre/eslint-plugin-react-refresh"
"eslint-scope@8.2.0","BSD-2-Clause","https://github.com/eslint/js"
"eslint-visitor-keys@3.4.3","Apache-2.0","https://github.com/eslint/eslint-visitor-keys"
"eslint-visitor-keys@4.2.0","Apache-2.0","https://github.com/eslint/js"
"eslint@9.14.0","MIT","https://github.com/eslint/eslint"
"espree@10.3.0","BSD-2-Clause","https://github.com/eslint/js"
"esquery@1.6.0","BSD-3-Clause","https://github.com/estools/esquery"
"esrecurse@4.3.0","BSD-2-Clause","https://github.com/estools/esrecurse"
"estraverse@5.3.0","BSD-2-Clause","https://github.com/estools/estraverse"
"esutils@2.0.3","BSD-2-Clause","https://github.com/estools/esutils"
"fast-deep-equal@3.1.3","MIT","https://github.com/epoberezkin/fast-deep-equal"
"fast-glob@3.3.2","MIT","https://github.com/mrmlnc/fast-glob"
"fast-json-stable-stringify@2.1.0","MIT","https://github.com/epoberezkin/fast-json-stable-stringify"
"fast-levenshtein@2.0.6","MIT","https://github.com/hiddentao/fast-levenshtein"
"fastq@1.17.1","ISC","https://github.com/mcollina/fastq"
"file-entry-cache@8.0.0","MIT","https://github.com/jaredwray/file-entry-cache"
"fill-range@7.1.1","MIT","https://github.com/jonschlinkert/fill-range"
"find-root@1.1.0","MIT","https://github.com/js-n/find-root"
"find-up@5.0.0","MIT","https://github.com/sindresorhus/find-up"
"flat-cache@4.0.1","MIT","https://github.com/jaredwray/flat-cache"
"flatted@3.3.1","ISC","https://github.com/WebReflection/flatted"
"focus-trap@7.5.4","MIT","https://github.com/focus-trap/focus-trap"
"focus-trap@7.6.0","MIT","https://github.com/focus-trap/focus-trap"
"fsevents@2.3.3","MIT","https://github.com/fsevents/fsevents"
"function-bind@1.1.2","MIT","https://github.com/Raynos/function-bind"
"gensync@1.0.0-beta.2","MIT","https://github.com/loganfsmyth/gensync"
"glob-parent@5.1.2","ISC","https://github.com/gulpjs/glob-parent"
"glob-parent@6.0.2","ISC","https://github.com/gulpjs/glob-parent"
"globals@11.12.0","MIT","https://github.com/sindresorhus/globals"
"globals@14.0.0","MIT","https://github.com/sindresorhus/globals"
"globals@15.12.0","MIT","https://github.com/sindresorhus/globals"
"globrex@0.1.2","MIT","https://github.com/terkelg/globrex"
"graphemer@1.4.0","MIT","https://github.com/flmnt/graphemer"
"has-flag@4.0.0","MIT","https://github.com/sindresorhus/has-flag"
"hasown@2.0.2","MIT","https://github.com/inspect-js/hasOwn"
"hoist-non-react-statics@3.3.2","BSD-3-Clause","https://github.com/mridgway/hoist-non-react-statics"
"ignore@5.3.2","MIT","https://github.com/kaelzhang/node-ignore"
"import-fresh@3.3.0","MIT","https://github.com/sindresorhus/import-fresh"
"imurmurhash@0.1.4","MIT","https://github.com/jensyt/imurmurhash-js"
"is-arrayish@0.2.1","MIT","https://github.com/qix-/node-is-arrayish"
"is-core-module@2.15.1","MIT","https://github.com/inspect-js/is-core-module"
"is-extglob@2.1.1","MIT","https://github.com/jonschlinkert/is-extglob"
"is-glob@4.0.3","MIT","https://github.com/micromatch/is-glob"
"is-number@7.0.0","MIT","https://github.com/jonschlinkert/is-number"
"isexe@2.0.0","ISC","https://github.com/isaacs/isexe"
"js-tokens@4.0.0","MIT","https://github.com/lydell/js-tokens"
"js-yaml@4.1.0","MIT","https://github.com/nodeca/js-yaml"
"jsesc@3.0.2","MIT","https://github.com/mathiasbynens/jsesc"
"json-buffer@3.0.1","MIT","https://github.com/dominictarr/json-buffer"
"json-parse-even-better-errors@2.3.1","MIT","https://github.com/npm/json-parse-even-better-errors"
"json-schema-traverse@0.4.1","MIT","https://github.com/epoberezkin/json-schema-traverse"
"json-stable-stringify-without-jsonify@1.0.1","MIT","https://github.com/samn/json-stable-stringify"
"json5@2.2.3","MIT","https://github.com/json5/json5"
"keyv@4.5.4","MIT","https://github.com/jaredwray/keyv"
"klona@2.0.6","MIT","https://github.com/lukeed/klona"
"levn@0.4.1","MIT","https://github.com/gkz/levn"
"lines-and-columns@1.2.4","MIT","https://github.com/eventualbuddha/lines-and-columns"
"locate-path@6.0.0","MIT","https://github.com/sindresorhus/locate-path"
"lodash.merge@4.6.2","MIT","https://github.com/lodash/lodash"
"loose-envify@1.4.0","MIT","https://github.com/zertosh/loose-envify"
"lru-cache@5.1.1","ISC","https://github.com/isaacs/node-lru-cache"
"merge2@1.4.1","MIT","https://github.com/teambition/merge2"
"micromatch@4.0.8","MIT","https://github.com/micromatch/micromatch"
"minimatch@3.1.2","ISC","https://github.com/isaacs/minimatch"
"minimatch@9.0.5","ISC","https://github.com/isaacs/minimatch"
"ms@2.1.3","MIT","https://github.com/vercel/ms"
"nanoid@3.3.7","MIT","https://github.com/ai/nanoid"
"natural-compare@1.4.0","MIT","https://github.com/litejs/natural-compare-lite"
"next-themes@0.4.3","MIT","https://github.com/pacocoursey/next-themes"
"node-releases@2.0.18","MIT","https://github.com/chicoxyzzy/node-releases"
"optionator@0.9.4","MIT","https://github.com/gkz/optionator"
"p-limit@3.1.0","MIT","https://github.com/sindresorhus/p-limit"
"p-locate@5.0.0","MIT","https://github.com/sindresorhus/p-locate"
"parent-module@1.0.1","MIT","https://github.com/sindresorhus/parent-module"
"parse-json@5.2.0","MIT","https://github.com/sindresorhus/parse-json"
"path-exists@4.0.0","MIT","https://github.com/sindresorhus/path-exists"
"path-key@3.1.1","MIT","https://github.com/sindresorhus/path-key"
"path-parse@1.0.7","MIT","https://github.com/jbgutierrez/path-parse"
"path-type@4.0.0","MIT","https://github.com/sindresorhus/path-type"
"perfect-freehand@1.2.2","MIT","https://github.com/steveruizok/perfect-freehand"
"picocolors@1.1.1","ISC","https://github.com/alexeyraspopov/picocolors"
"picomatch@2.3.1","MIT","https://github.com/micromatch/picomatch"
"postcss@8.4.47","MIT","https://github.com/postcss/postcss"
"prelude-ls@1.2.1","MIT","https://github.com/gkz/prelude-ls"
"proxy-compare@3.0.0","MIT","https://github.com/dai-shi/proxy-compare"
"proxy-memoize@3.0.1","MIT","https://github.com/dai-shi/proxy-memoize"
"punycode@2.3.1","MIT","https://github.com/mathiasbynens/punycode.js"
"queue-microtask@1.2.3","MIT","https://github.com/feross/queue-microtask"
"react-dom@18.3.1","MIT","https://github.com/facebook/react"
"react-icons@5.3.0","MIT","https://github.com/react-icons/react-icons"
"react-is@16.13.1","MIT","https://github.com/facebook/react"
"react-refresh@0.14.2","MIT","https://github.com/facebook/react"
"react@18.3.1","MIT","https://github.com/facebook/react"
"regenerator-runtime@0.14.1","MIT","https://github.com/facebook/regenerator/tree/main/packages/runtime"
"resolve-from@4.0.0","MIT","https://github.com/sindresorhus/resolve-from"
"resolve@1.22.8","MIT","https://github.com/browserify/resolve"
"reusify@1.0.4","MIT","https://github.com/mcollina/reusify"
"rollup@4.25.0","MIT","https://github.com/rollup/rollup"
"run-parallel@1.2.0","MIT","https://github.com/feross/run-parallel"
"scheduler@0.23.2","MIT","https://github.com/facebook/react"
"semver@6.3.1","ISC","https://github.com/npm/node-semver"
"semver@7.6.3","ISC","https://github.com/npm/node-semver"
"shebang-command@2.0.0","MIT","https://github.com/kevva/shebang-command"
"shebang-regex@3.0.0","MIT","https://github.com/sindresorhus/shebang-regex"
"source-map-js@1.2.1","BSD-3-Clause","https://github.com/7rulnik/source-map-js"
"source-map@0.5.7","BSD-3-Clause","https://github.com/mozilla/source-map"
"strip-json-comments@3.1.1","MIT","https://github.com/sindresorhus/strip-json-comments"
"stylis@4.2.0","MIT","https://github.com/thysultan/stylis.js"
"supports-color@7.2.0","MIT","https://github.com/chalk/supports-color"
"supports-preserve-symlinks-flag@1.0.0","MIT","https://github.com/inspect-js/node-supports-preserve-symlinks-flag"
"tabbable@6.2.0","MIT","https://github.com/focus-trap/tabbable"
"text-table@0.2.0","MIT","https://github.com/substack/text-table"
"to-regex-range@5.0.1","MIT","https://github.com/micromatch/to-regex-range"
"ts-api-utils@1.4.0","MIT","https://github.com/JoshuaKGoldberg/ts-api-utils"
"tsconfck@3.1.4","MIT","https://github.com/dominikg/tsconfck"
"tslib@2.8.1","0BSD","https://github.com/Microsoft/tslib"
"type-check@0.4.0","MIT","https://github.com/gkz/type-check"
"typescript-eslint@8.13.0","MIT","https://github.com/typescript-eslint/typescript-eslint"
"typescript@5.6.3","Apache-2.0","https://github.com/microsoft/TypeScript"
"update-browserslist-db@1.1.1","MIT","https://github.com/browserslist/update-db"
"uqr@0.1.2","MIT","https://github.com/unjs/uqr"
"uri-js@4.4.1","BSD-2-Clause","https://github.com/garycourt/uri-js"
"vite-project@0.0.0","UNLICENSED",""
"vite-tsconfig-paths@5.1.1","MIT","https://github.com/aleclarson/vite-tsconfig-paths"
"vite@5.4.10","MIT","https://github.com/vitejs/vite"
"which@2.0.2","ISC","https://github.com/isaacs/node-which"
"word-wrap@1.2.5","MIT","https://github.com/jonschlinkert/word-wrap"
"yallist@3.1.1","ISC","https://github.com/isaacs/yallist"
"yaml@1.10.2","ISC","https://github.com/eemeli/yaml"
"yocto-queue@0.1.0","MIT","https://github.com/sindresorhus/yocto-queue"
